{"cameraMode":{"drawMode":0,"name":"Shaded","section":"Shading Mode"},"sceneLighting":false,"audioPlay":false,"sceneViewState":{"showFog":true,"showMaterialUpdate":false,"showSkybox":false,"showFlares":true,"showImageEffects":true,"showParticleSystems":true},"in2DMode":false,"pivot":{"x":-0.04646102339029312,"y":1.9769196510314942,"z":-1.649045705795288},"rotation":{"x":0.14835059642791749,"y":-0.7029405832290649,"z":0.15310971438884736,"w":0.6787388920783997},"size":8.078498840332032,"orthographic":false}