{"cameraMode":{"drawMode":0,"name":"Shaded","section":"Shading Mode"},"sceneLighting":false,"audioPlay":false,"sceneViewState":{"showFog":true,"showMaterialUpdate":false,"showSkybox":false,"showFlares":true,"showImageEffects":true,"showParticleSystems":true},"in2DMode":false,"pivot":{"x":-0.5440354347229004,"y":1.3148605823516846,"z":-2.0968971252441408},"rotation":{"x":0.15608066320419312,"y":-0.7286953330039978,"z":0.18173828721046449,"w":0.6421025991439819},"size":4.728283882141113,"orthographic":false}